{
    "games": [
        [
            "Red",
            "Blue",
            "RANDOM13563382",
            7,
            "Blue",
            670.0,
            0
        ],
        [
            "Red",
            "Blue",
            "RANDOM11934406",
            6,
            "Blue",
            670.0,
            0
        ],
        [
            "Red",
            "Blue",
            "RANDOM93811240",
            0,
            null,
            670.0,
            0
        ],
        [
            "Red",
            "Blue",
            "RANDOM50517042",
            5,
            "Blue",
            670.0,
            0
        ],
        [
            "Red",
            "Blue",
            "RANDOM91725405",
            8,
            "Red",
            670.0,
            0
        ],
        [
            "Red",
            "Blue",
            "RANDOM64588429",
            9,
            "Blue",
            670.0,
            0
        ],
        [
            "Red",
            "Blue",
            "RANDOM99725598",
            12,
            "Red",
            670.0,
            0
        ],
        [
            "Red",
            "Blue",
            "RANDOM58962963",
            0,
            null,
            670.0,
            0
        ],
        [
            "Red",
            "Blue",
            "RANDOM85142370",
            4,
            "Blue",
            670.0,
            0
        ],
        [
            "Red",
            "Blue",
            "RANDOM55425666",
            13,
            "Red",
            670.0,
            0
        ]
    ],
    "layouts": [
        "RANDOM13563382",
        "RANDOM11934406",
        "RANDOM93811240",
        "RANDOM50517042",
        "RANDOM91725405",
        "RANDOM64588429",
        "RANDOM99725598",
        "RANDOM58962963",
        "RANDOM85142370",
        "RANDOM55425666"
    ],
    "max_steps": 1200,
    "teams_stats": {
        "Blue": [
            56.666666666666664,
            17,
            5,
            2,
            3,
            0,
            31
        ],
        "Red": [
            36.666666666666664,
            11,
            3,
            2,
            5,
            0,
            33
        ]
    }
}