{
    "games": [
        [
            "Red",
            "Blue",
            "RANDOM56042658",
            0,
            null,
            486.0,
            0
        ],
        [
            "Red",
            "Blue",
            "RANDOM14631992",
            1,
            "Blue",
            486.0,
            0
        ],
        [
            "Red",
            "Blue",
            "RANDOM10852931",
            22,
            "Red",
            486.0,
            0
        ],
        [
            "Red",
            "Blue",
            "RANDOM73233611",
            9,
            "Red",
            486.0,
            0
        ],
        [
            "Red",
            "Blue",
            "RANDOM99842734",
            6,
            "Blue",
            486.0,
            0
        ],
        [
            "Red",
            "Blue",
            "RANDOM9913863",
            20,
            "Blue",
            486.0,
            0
        ],
        [
            "Red",
            "Blue",
            "RANDOM82827435",
            2,
            "Red",
            486.0,
            0
        ],
        [
            "Red",
            "Blue",
            "RANDOM41478320",
            23,
            "Blue",
            486.0,
            0
        ],
        [
            "Red",
            "Blue",
            "RANDOM84799065",
            5,
            "Blue",
            486.0,
            0
        ],
        [
            "Red",
            "Blue",
            "RANDOM164466",
            7,
            "Red",
            486.0,
            0
        ]
    ],
    "layouts": [
        "RANDOM56042658",
        "RANDOM14631992",
        "RANDOM10852931",
        "RANDOM73233611",
        "RANDOM99842734",
        "RANDOM9913863",
        "RANDOM82827435",
        "RANDOM41478320",
        "RANDOM84799065",
        "RANDOM164466"
    ],
    "max_steps": 1200,
    "teams_stats": {
        "Blue": [
            53.333333333333336,
            16,
            5,
            1,
            4,
            0,
            55
        ],
        "Red": [
            43.333333333333336,
            13,
            4,
            1,
            5,
            0,
            40
        ]
    }
}